{
    "scroll": {
        "horizontal": -717,
        "vertical": 618
    },
    "transform": {
        "m11": 0.9780260050392205,
        "m12": 0,
        "m13": 0,
        "m21": 0,
        "m22": 0.9780260050392205,
        "m23": 0,
        "m31": -730.4823953526377,
        "m32": 1598.6930248041774,
        "m33": 1
    },
    "version": 1,
    "window": {
        "fullScreen": false,
        "geometry": {
            "height": 820,
            "width": 1280,
            "x": 245,
            "y": 262
        },
        "maximized": true
    }
}
