{
    "scroll": {
        "horizontal": -1285,
        "vertical": -305
    },
    "transform": {
        "m11": 0.7478573017777784,
        "m12": 0,
        "m13": 0,
        "m21": 0,
        "m22": 0.7478573017777784,
        "m23": 0,
        "m31": -670.8274912451776,
        "m32": 1619.0736145706578,
        "m33": 1
    },
    "version": 1,
    "window": {
        "fullScreen": false,
        "geometry": {
            "height": 820,
            "width": 1280,
            "x": 245,
            "y": 448
        },
        "maximized": true
    }
}
