{
    "board": {
        "active": false,
        "pattern": ""
    },
    "center": {
        "x": 403.33394909688013,
        "y": 185.93869731800766
    },
    "scroll": {
        "horizontal": 29,
        "vertical": -130
    },
    "transform": {
        "m11": 2.770805687203792,
        "m12": 0,
        "m13": 0,
        "m21": 0,
        "m22": 2.770805687203792,
        "m23": 0,
        "m31": 0.43999999999985384,
        "m32": -0.20000000000007676,
        "m33": 1
    },
    "version": 1,
    "window": {
        "fullScreen": false,
        "geometry": {
            "height": 585,
            "width": 843,
            "x": 391,
            "y": 332
        },
        "maximized": true
    }
}
